Estate,Chinese Name,Median Monthly Domestic Household Mortgage Payment and Loan Repayment,Median Mortgage Payment and Loan Repayment to Income Ratio,Population,Median Floor Area of Accommodation,Median Rent to Income Ratio,Median Monthly Domestic Household Rent,Median Monthly Income from Main Employment (Excluding Foreign Domestic Helpers),Median Age,Median Monthly Domestic Household Income,Median Monthly Household Income of Economically Active Households,Average Domestic Household Size,latitude,longitude
Ap Lei Chau Estate,鴨脷洲邨,0,0,14504,35,7.7,1400,12000,53.1,17880,21650,2.8,22.2444243,114.1508329
Butterfly Estate,蝴蝶邨,0,0,11450,25,7.3,820,11000,50.3,11210,15000,2.1,22.3748769,113.9628534
Chai Wan Estate,柴灣邨,0,0,4862,31,10.5,1880,11250,37.7,17500,18500,3,22.265622,114.24105
Chak On Estate,澤安邨,0,0,3703,23,9.3,1180,12000,52.2,13120,16000,2.2,22.340719,114.165231
Cheung Ching Estate,長青邨,0,0,13908,33,7.2,1300,12750,47.4,18500,21490,2.9,22.34744,114.108627
Cheung Fat Estate,長發邨,1750,7.1,6597,32,5.9,1040,13000,51.8,20440,24080,2.7,22.362497,114.1028364
Cheung Hang Estate,長亨邨,0,0,13638,35,6.4,1250,12250,44.9,20920,25000,3.2,22.356577,114.097831
Cheung Hong Estate,長康邨,0,0,20968,24,7,1060,12240,49.3,15000,19000,2.5,22.350027,114.105611
Cheung On Estate,長安邨,3880,14.7,21791,41,7.8,1250,14000,48.4,25330,30600,3,22.3611143,114.1041658
Cheung Shan Estate,象山邨,0,0,4746,33,7.7,1350,12250,48.6,18000,21500,3,22.3780638,114.1297481
Cheung Wah Estate,祥華邨,2000,9,13109,35,7.8,1040,12250,49.2,18000,22490,2.7,22.4928501,114.1415233
Cheung Wang Estate,長宏邨,0,0,9998,30,10.7,1750,11250,46.2,14300,19240,2.4,22.3556511,114.0951177
Ching Ho Estate,清河邨,0,0,20257,30,9.3,1280,11250,39.4,14310,17500,2.9,22.494056,114.126815
Choi Fai Estate,彩輝邨,0,0,4361,43,8.1,2030,13500,43.5,22050,26800,3.2,22.335329,114.217847
Choi Fook Estate,彩福邨,0,0,9075,29,11.5,1750,11780,40,15000,17000,2.6,22.3274,114.217972
Choi Ha Estate,彩霞邨,2500,12.5,6105,41,9.9,1400,13000,48.7,16500,22000,2.8,22.3261696,114.2174724
Choi Hung Estate,彩虹邨,0,0,18435,31,8.5,1310,12000,48,15290,19000,2.5,22.33533,114.204252
Choi Tak Estate,彩德邨,0,0,17420,31,10.7,1900,12000,40.7,17500,21520,3,22.3307168,114.2143051
Choi Wan (1) Estate,彩雲（１）邨,0,0,17517,35,7.8,1500,12250,44.6,19500,23000,3.1,22.3329893,114.2141585
Choi Wan (2) Estate,彩雲（２）邨,0,0,9099,33,7.7,1510,12300,45.4,20090,23140,3.1,22.3339732,114.2173967
Choi Ying Estate,彩盈邨,0,0,9206,30,12.3,1750,11000,45.7,12550,16790,2.3,22.327775,114.217419
Choi Yuen Estate,彩園邨,0,0,12178,23,7.6,930,12000,51.3,12470,18140,2.5,22.5019707,114.126513
Chuk Yuen North Estate,竹園北邨,3300,10.6,18749,41,8.5,1350,14250,47.8,21200,25250,2.8,22.3459302,114.1914691
Chuk Yuen South Estate,竹園南邨,0,0,15264,30,8.9,1250,12000,46.8,15000,18250,2.6,22.344633,114.190644
Chun Shek Estate,秦石邨,0,0,5324,29,8.2,1250,11580,49.7,14530,18650,2.5,22.374516,114.186354
Chung On Estate,頌安邨,0,0,9182,34,8.3,2000,12000,42.5,22780,25220,3.3,22.4216988,114.2267437
Fortune Estate,幸福邨,0,0,4489,35,12.9,2120,10800,51.8,12250,19000,2.2,22.3355798,114.1537714
Fu Cheong Estate,富昌邨,0,0,14900,34,13.2,2120,12000,48.2,14990,20780,2.5,22.327242,114.154784
Fu Heng Estate,富亨邨,2600,8.7,17452,37,8.2,1130,13000,46.8,23000,29000,3,22.4423218,114.1655064
Fu Shan Estate,富山邨,0,0,3720,32,8.7,1280,12250,48.3,13000,20490,2.5,22.3427461,114.208299
Fu Shin Estate,富善邨,2200,10,14583,32,7.1,1200,13000,48.6,18490,24600,2.7,22.4589619,114.171803
Fu Tai Estate,富泰邨,0,0,16783,43,8.1,1900,13000,39,21990,28000,3.4,22.4135617,113.9841102
Fu Tung Estate,富東邨,0,0,5295,43,7.7,1750,13000,40.8,21000,25000,3.3,22.2865988,113.9422304
Fuk Loi Estate,福來邨,0,0,6999,26,10.3,1230,12000,54.1,11420,17840,2.3,22.3740071,114.1134826
Fung Tak Estate,鳳德邨,2980,12.5,13342,41,8.5,1140,13000,49.2,19500,24990,2.6,22.3433523,114.2003629
Fung Wah Estate,峰華邨,4560,18.6,3580,37,8.1,1250,12500,46,24000,25950,2.9,22.2609802,114.2311528
Grandeur Terrace,俊宏軒,0,0,12518,35,8.6,1700,12000,39.5,19250,20500,3.1,22.4690804,114.0015977
Hau Tak Estate,厚德邨,0,0,12806,35,8,1750,12300,47.3,20000,25780,3.2,22.3174611,114.2642273
Heng On Estate,恒安邨,2500,8.2,16631,41,8.7,1300,15000,47.3,23750,28020,3,22.4179579,114.2304723
High Prosperity Terrace,高盛臺,0,0,3002,44,10.5,3270,13000,37.5,27000,27250,4,22.365035,114.12362
Hin Keng Estate,顯徑邨,4050,13.9,17069,35,8.5,1400,14000,53.3,21490,28300,2.8,22.3655838,114.1729423
Hing Man Estate,興民邨,0,0,5795,32,7.1,1500,12000,46.6,20540,23550,3.1,22.2677569,114.2330081
Hing Tin Estate,興田邨,1800,9.4,6890,41,8.2,1600,13800,49.3,22490,25050,2.9,22.3126572,114.2380813
Hing Tung Estate,興東邨,0,0,6296,43,9,2250,13000,45.7,22000,26190,3.1,22.281684,114.2198321
Hing Wah (1) Estate,興華（１）邨,0,0,7526,34,10.8,2550,12270,47.6,23000,27920,3.4,22.262839,114.23478
Hing Wah (2) Estate,興華（２）邨,0,0,8351,29,8.6,1250,11250,50.6,14000,18750,2.4,22.2630132,114.2330593
Ho Man Tin Estate,何文田邨,0,0,12798,34,13.6,2400,12000,50.6,16500,22520,2.7,22.3166857,114.1824438
Hoi Fu Court,海富苑,5000,20.7,10443,38,11,2500,12500,45.6,19100,25540,3.1,22.3162002,114.1639228
Hoi Lai Estate,海麗邨,0,0,16901,45,12,3240,12500,38.8,24500,27640,3.5,22.3322878,114.1463985
Hung Hom Estate,紅磡邨,0,0,6623,22,11.7,1750,11500,52.6,15000,20000,2.4,22.3086271,114.189725
Ka Fuk Estate,嘉福邨,0,0,6322,35,5.9,1400,12250,43.5,24300,28310,3.4,22.49372,114.13535
Kai Tin Estate,啟田邨,0,0,5612,34,11,2000,12000,51,13930,21550,2.5,22.3091954,114.2351978
Kai Yip Estate,啟業邨,0,0,8905,23,8.1,1100,12000,52.9,13050,16000,2.2,22.330552,114.210562
Kin Ming Estate,健明邨,0,0,19889,30,9.1,1800,12000,42.8,19100,21250,2.9,22.3066724,114.2518014
Kin Sang Estate,建生邨,1750,12.3,7876,37,6.8,1150,13000,42.9,21000,26160,3,22.406346,113.971628
King Lam Estate,景林邨,1510,7.4,14367,37,7.5,750,13500,52,18490,26000,2.8,22.321903,114.259806
Ko Cheung Court,高翔苑,0,0,8571,54,11.4,4000,13500,32.9,35590,35700,4.9,22.2955648,114.2409484
Ko Yee Estate,高怡邨,0,0,3326,35,9.9,2000,14000,46.4,18800,23360,2.8,22.296506,114.2418015
Kwai Chung Estate,葵涌邨,0,0,38674,30,10.6,1780,12000,40.7,16000,19370,2.8,22.373578,114.131009
Kwai Fong Estate,葵芳邨,0,0,18023,35,10.4,1980,12000,46.8,18000,22540,2.9,22.3590355,114.1294105
Kwai Hing Estate,葵興邨,1300,8.5,3908,40,10.8,1250,14500,51.7,18000,26500,2.7,22.366198,114.13279
Kwai Luen Estate,葵聯邨,0,0,7616,30,11.4,1750,12000,36,14740,17000,2.5,22.3621863,114.1265404
Kwai Shing East Estate,葵盛東邨,0,0,19805,35,10.8,2250,11400,45.8,19010,22990,3.1,22.3644772,114.1269103
Kwai Shing West Estate,葵盛西邨,0,0,13720,31,8.1,1380,12000,46.1,16500,21500,2.7,22.362803,114.123682
Kwong Fuk Estate,廣福邨,0,0,16939,33,7.3,1270,12800,47.7,17360,20990,2.8,22.4486227,114.1745356
Kwong Tin Estate,廣田邨,0,0,6979,44,9.3,2020,13000,45.9,20510,24290,2.9,22.3036852,114.2394058
Kwong Yuen Estate,廣源邨,2300,8.7,12835,41,7.2,1170,13500,46.9,25000,30170,3.1,22.3806584,114.2139835
Lai King Estate,荔景邨,0,0,10428,23,8.3,1250,11280,50.3,14800,20000,2.5,22.3500305,114.1263314
Lai Kok Estate,麗閣邨,0,0,6488,23,9.1,1070,12000,54.1,12200,19280,2.2,22.3331946,114.1583165
Lai On Estate,麗安邨,0,0,2957,35,10.9,1560,12000,50.1,11860,17730,2.2,22.3314041,114.1583905
Lai Yiu Estate,麗瑤邨,0,0,8254,33,8.8,1550,12250,46.8,18900,24950,3,22.353854,114.131169
Lam Tin Estate,藍田邨,0,0,10088,38,11.3,2250,12250,38.5,19920,22250,3.3,22.3109358,114.2362868
Lee On Estate,利安邨,0,0,11159,35,7.6,1750,12000,45.3,22490,25500,3.1,22.4258333,114.2413889
Lei Cheng Uk Estate,李鄭屋邨,1750,7,12043,36,9.1,1250,12700,51.8,17090,21500,2.6,22.3392712,114.1594043
Lei Muk Shue (1) Estate,梨木樹（１）邨,0,0,8297,43,9.9,2700,13000,46.3,28750,31160,3.6,22.3792004,114.1357605
Lei Muk Shue (2) Estate,梨木樹（２）邨,0,0,12987,34,8.6,1500,12000,46.4,18000,24000,3.1,22.3783386,114.134665
Lei Muk Shue Estate,梨木樹邨,0,0,7823,22,11.4,1290,12000,47,12000,15650,2,22.377127,114.136902
Lei Tung Estate,利東邨,2040,8.7,19393,35,8.8,1200,13500,49.7,19900,25750,2.7,22.2408904,114.1564049
Lei Yue Mun Estate,鯉魚門邨,0,0,11144,43,10.6,2750,12000,41.5,25100,26300,3.6,22.2944676,114.2401334
Lek Yuen Estate,瀝源邨,0,0,8131,29,8,1250,12250,50.5,15200,20000,2.6,22.3853356,114.1918667
Leung King Estate,良景邨,2400,11.5,18951,38,5.8,1010,13000,45.5,18980,23500,2.8,22.4073146,113.9628111
Lok Fu Estate,樂富邨,0,0,9952,35,9.5,1750,11950,50.8,16450,20000,2.7,22.3387416,114.186457
Lok Wah North Estate,樂華北邨,0,0,8920,35,7.4,1460,12500,43.2,20000,21650,3.1,22.322233,114.219683
Lok Wah South Estate,樂華南邨,0,0,12843,24,8.6,1080,12000,56.3,11250,16200,1.9,22.3199177,114.2214279
Long Ping Estate,朗屏邨,1920,8.3,23687,33,6.1,1070,12000,45.5,19000,22500,2.9,22.450655,114.022983
Lower Wong Tai Sin (1) Estate,黃大仙下（１）邨,2750,11,11454,37,8,1250,13000,49.4,16060,21000,2.6,22.3414012,114.1943039
Lower Wong Tai Sin (2) Estate,黃大仙下（２）邨,0,0,19050,35,8.6,1750,12250,46.7,19630,23000,2.9,22.3408758,114.1923032
Lung Hang Estate,隆亨邨,0,0,13306,36,8.7,1700,12000,45.2,18000,21000,3.1,22.365241,114.178431
Ma Tau Wai Estate,馬頭圍邨,0,0,5194,30,9.4,1410,12000,51.4,14930,19250,2.6,22.3231583,114.1868087
Mei Lam Estate,美林邨,0,0,9879,30,8.3,1250,11880,50.3,14900,19990,2.5,22.3780706,114.1775983
Mei Tin Estate,美田邨,0,0,17256,30,11.5,1750,11500,41.1,14480,18500,2.6,22.375928,114.1700892
Mei Tung Estate,美東邨,0,0,6067,30,11,1750,13000,41.4,15330,17000,2.5,22.333137,114.190138
Ming Tak Estate,明德邨,0,0,4393,35,7.7,1800,12000,46.1,19170,25700,3.1,22.3164264,114.2690144
Nam Cheong Estate,南昌邨,2750,9.2,4847,39,9.5,1300,12250,48.9,17490,22000,2.6,22.3258606,114.1576836
Nam Shan Estate,南山邨,0,0,6592,33,8.9,1250,12250,49.7,14170,18000,2.4,22.332789,114.170269
Oi Man Estate,愛民邨,0,0,18282,33,8.3,1680,12000,49.4,19000,22520,3,22.3128364,114.1769433
Oi Tung Estate,愛東邨,0,0,8028,22,14.3,1560,12000,52.1,11000,17180,2.1,22.2813092,114.2273681
On Tin Estate,安田邨,0,0,3969,54,10,3840,13500,30.5,36000,37000,5.6,22.3071891,114.2356571
On Ting Estate,安定邨,0,0,12024,23,6.9,870,12000,49,12800,17150,2.4,22.3874509,113.9766935
On Yam Estate,安蔭邨,0,0,15736,44,10.4,2250,12500,46.9,20150,26000,3.1,22.3708782,114.1420775
Pak Tin Estate,白田邨,0,0,21902,35,10.8,1800,12000,46.4,17140,21250,2.9,22.3351345,114.1673508
Ping Shek Estate,坪石邨,0,0,11323,31,9.3,1310,11500,51.7,14910,20000,2.6,22.3333511,114.2090864
Ping Tin Estate,平田邨,0,0,12243,34,12.7,1830,12000,50.6,12490,18700,2.2,22.308057,114.235962
Po Lam Estate,寶林邨,2100,5.8,15319,35,6.9,1250,13110,51.6,20750,26000,2.9,22.322757,114.250137
Po Tat Estate,寶達邨,0,0,24642,34,11.9,2500,12000,40.3,21750,24000,3.3,22.3180718,114.2366214
Po Tin Estate,寶田邨,0,0,10782,12,6.1,590,11000,48,9000,11900,1.4,22.4103448,113.9668931
Pok Hong Estate,博康邨,2000,7.4,13987,35,7.9,1250,13000,52.3,17490,22000,2.7,22.3754592,114.1956878
Sam Shing Estate,三聖邨,0,0,5044,29,6.5,1040,13000,43.4,17250,20500,2.8,22.3799142,113.9779827
Sau Mau Ping Estate,秀茂坪邨,0,0,36944,34,11.7,2400,12250,44.1,20300,24200,3.1,22.3183094,114.2329969
Sau Mau Ping South Estate,秀茂坪南邨,0,0,12245,30,11.5,2100,12000,41.3,17770,19550,3.1,22.315562,114.236785
Sha Kok Estate,沙角邨,0,0,14522,23,8.3,1090,12000,52.9,12520,18000,2.4,22.378718,114.1951551
Shan King Estate,山景邨,1900,7,21089,27,6.6,900,12250,45.2,16000,21110,2.6,22.3981329,113.9662423
Shatin Pass Estate,沙田坳邨,0,0,3130,21,10.3,1530,13000,40.5,16000,20140,2.4,22.35602,114.198732
Shek Kip Mei Estate,石硤尾邨,0,0,22513,28,10.8,1450,12000,45.6,14000,17490,2.5,22.332577,114.1674609
Shek Lei (1) Estate,石籬（１）邨,0,0,13567,34,8.6,1390,11750,48.5,16460,20500,2.8,22.3641168,114.1382223
Shek Lei (2) Estate,石籬（２）邨,0,0,26329,34,9.9,2070,12500,39,19200,22660,3,22.3655683,114.1389353
Shek Mun Estate,碩門邨,0,0,4782,21,10.8,1700,12000,42.4,13620,16500,2.5,22.3861152,114.2095202
Shek Pai Wan Estate,石排灣邨,0,0,13780,30,10.4,2000,12000,49.3,17780,23290,2.7,22.2491289,114.1576455
Shek Wai Kok Estate,石圍角邨,0,0,16605,32,8.4,1250,12000,51.1,14800,20000,2.6,22.3745621,114.1228036
Shek Yam East Estate,石蔭東邨,0,0,6647,34,10.8,2070,12000,47.2,18500,23000,2.9,22.372221,114.139728
Shek Yam Estate,石蔭邨,0,0,8657,34,11.6,2250,12000,40.2,19250,25060,3.2,22.3717177,114.1398054
Sheung Tak Estate,尚德邨,0,0,18750,36,9.6,2260,12000,39.3,20300,27000,3.4,22.3117204,114.2610697
Shin Ming Estate,善明邨,0,0,4002,22,10.8,1250,11000,46.8,11250,13250,2.1,22.3041812,114.2501793
Shui Pin Wai Estate,水邊圍邨,0,0,6725,23,7.3,900,12300,55.8,13240,19000,2.5,22.44472,114.018356
Shun Lee Estate,順利邨,0,0,12363,33,8.7,1320,12000,53.3,15000,19100,2.7,22.331559,114.226003
Shun On Estate,順安邨,0,0,7511,29,8.3,1250,11750,50.7,15500,20000,2.5,22.328376,114.226503
Shun Tin Estate,順天邨,0,0,18118,33,8.7,1350,12000,47.2,15400,19400,2.7,22.325428,114.224623
Siu Sai Wan Estate,小西灣邨,0,0,19543,37,7.7,1750,12400,44.6,22490,27490,3.2,22.2618957,114.2487275
Sun Chui Estate,新翠邨,0,0,17475,33,8.2,1400,12000,50.3,15490,20290,2.7,22.370339,114.179507
Sun Tin Wai Estate,新田圍邨,0,0,8826,32,8,1250,12750,48.6,15900,20250,2.7,22.370326,114.18581
Tai Hang Tung Estate,大坑東邨,0,0,4562,23,10.5,1250,12000,51.2,12860,19250,2.3,22.3303772,114.1712935
Tai Hing Estate,大興邨,0,0,18601,26,7.3,850,12000,49.8,11750,16500,2.2,22.4035463,113.9704007
Tai Ping Estate,太平邨,1250,5.2,4438,40,7.5,1250,13000,42.2,21540,28800,3.3,22.4980192,114.1266263
Tai Wo Estate,太和邨,3500,11.1,19979,41,6.9,1050,13500,46.6,22630,28500,3,22.451949,114.1610278
Tai Wo Hau Estate,大窩口邨,0,0,20848,35,8.9,1520,13000,47.7,16600,21280,2.7,22.3697344,114.125527
Tai Yuen Estate,大元邨,0,0,14464,35,7.9,1250,12250,46.7,16650,20000,2.9,22.509368,114.12554
Tak Tin Estate,德田邨,3060,11.7,15317,35,11,1250,13000,53,16750,22490,2.5,22.309755,114.239623
Tin Chak Estate,天澤邨,0,0,11695,34,8.5,1750,11500,43.8,17200,24000,3,22.4672846,113.9975793
Tin Ching Estate,天晴邨,0,0,15884,30,8.8,1250,12000,39.8,13140,16500,2.6,22.4632609,114.0030845
Tin Heng Estate,天恒邨,0,0,20455,43,9.2,2000,11750,33.7,21490,22990,3.6,22.4693292,113.9994605
Tin King Estate,田景邨,3100,9.3,9610,41,5.4,1080,13000,45.3,24970,27740,3.1,22.406759,113.965102
Tin Ping Estate,天平邨,3030,13.6,17625,35,7.7,1200,13500,51.6,20250,24170,2.9,22.5023564,114.135024
Tin Shui (1) Estate,天瑞（１）邨,0,0,13999,35,5.9,1250,12750,45.7,20140,25750,3.1,22.457294,113.995789
Tin Shui (2) Estate,天瑞（２）邨,0,0,9879,44,6.1,1330,12250,45.3,22200,26000,3.2,22.454724,113.998862
Tin Tsz Estate,天慈邨,0,0,9026,34,6.9,1250,12000,43.4,16380,22000,2.8,22.452839,114.0082487
Tin Wah Estate,天華邨,0,0,12366,43,8.2,1850,12000,37.2,21250,26400,3.4,22.4609384,113.9956506
Tin Wan Estate,田灣邨,0,0,9310,34,10.9,2440,12200,46.1,22950,25150,3.1,22.2509945,114.1493839
Tin Yan Estate,天恩邨,0,0,10889,22,8.2,900,11800,47.1,10250,15000,2,22.4645445,113.9973255
Tin Yat Estate,天逸邨,0,0,14589,54,8.6,2500,12190,32.6,28780,29000,4.4,22.4668616,114.0002245
Tin Yiu (1) Estate,天耀一邨,0,0,12751,37,6.7,1200,12000,45.3,15790,21200,2.8,22.450805,114.003652
Tin Yiu (2) Estate,天耀二邨,0,0,12178,44,5.5,1250,13000,43,22790,25750,3.2,22.451559,114.003238
Tin Yuet Estate,天悅邨,0,0,11811,35,8.6,1750,12000,40.8,17000,23150,3,22.4628676,114.0003513
Tsing Yi Estate,青衣邨,3880,12.4,8783,35,7.8,1100,13500,46.7,22650,28490,2.8,22.354108,114.103822
Tsui Lam Estate,翠林邨,2000,8.3,14897,35,7.1,1250,13000,50.9,23000,26900,3,22.322434,114.249816
Tsui Ping North Estate,翠屏北邨,1750,8.5,15274,32,9.4,1200,12250,50.7,14900,20500,2.5,22.316549,114.229716
Tsui Ping South Estate,翠屏南邨,0,0,12832,35,9.8,1750,12250,47.2,16000,20650,2.8,22.312019,114.232098
Tsui Wan Estate,翠灣邨,1750,12.8,6446,37,9.5,1420,12000,48.1,21000,25000,2.9,22.2684249,114.2399336
Tsz Ching Estate,慈正邨,0,0,25844,43,11.1,2670,12000,43,20700,25210,3.2,22.349888,114.202634
Tsz Hong Estate,慈康邨,0,0,9099,54,12.3,4000,13000,33.7,31900,32500,4.7,22.3478307,114.2028926
Tsz Lok Estate,慈樂邨,0,0,19623,35,9.2,2250,13000,44.2,22550,26000,3.2,22.348923,114.199371
Tsz Man Estate,慈民邨,0,0,6058,35,11.1,2400,13500,44.4,20850,25480,3.1,22.348258,114.20286
Tung Tau (2) Estate,東頭（２）邨,2200,9.9,15562,37,10.5,1220,13000,51.4,15260,20400,2.5,22.335294,114.192764
Un Chau Estate,元州邨,0,0,18482,32,12.5,2110,12000,49.9,14930,19790,2.4,22.3365592,114.1561974
Upper Ngau Tau Kok Estate,牛頭角上邨,0,0,15004,22,14,1590,12000,51.9,11790,18000,2.3,22.3189949,114.2168438
Upper Wong Tai Sin Estate,黃大仙上邨,0,0,11488,34,13.2,2110,13000,48.9,15000,20250,2.5,22.3425014,114.1914446
Wah Fu (1) Estate,華富（１）邨,0,0,13540,28,6.9,1250,12000,47.7,18600,21250,2.7,22.251649,114.134902
Wah Fu (2) Estate,華富（２）邨,0,0,12845,33,7.4,1600,11250,46.6,20980,23750,3,22.2524823,114.136434
Wah Kwai Estate,華貴邨,3100,15.4,9698,37,11.7,1340,13000,49.2,19500,26250,2.8,22.2501177,114.1402409
Wah Lai Estate,華荔邨,0,0,5711,43,8,2730,12500,33.4,32750,34160,4.1,22.3427406,114.1379074
Wah Ming Estate,華明邨,3000,12.2,15611,41,8.3,1150,14000,41.4,21600,29200,3.1,22.4839362,114.1403941
Wah Sum Estate,華心邨,0,0,4588,35,7.8,1410,12250,45.5,18500,23150,3.1,22.486077,114.1431394
Wan Tau Tong Estate,運頭塘邨,2250,6.7,7277,41,7.3,950,14000,47.5,20490,26250,2.9,22.441137,114.165604
Wan Tsui Estate,環翠邨,0,0,10109,35,8.3,1380,12000,45.6,18000,22490,2.8,22.262314,114.2384553
Wang Tau Hom Estate,橫頭磡邨,0,0,17116,36,8.3,1720,12520,47.5,20500,24000,3,22.340703,114.1874082
Wo Che Estate,禾輋邨,0,0,18575,33,8.4,1530,12000,46.8,18000,22490,3,22.3879344,114.1952228
Wo Lok Estate,和樂邨,0,0,4381,26,10.2,1250,12000,48.8,12750,16000,2.3,22.316054,114.226096
Wu King Estate,湖景邨,0,0,13649,33,5.8,1200,12000,40.9,20000,21940,3.2,22.3756371,113.9651702
Yan On Estate,欣安邨,0,0,6116,22,9.5,1400,12500,41,15000,18000,2.4,22.4140787,114.2254345
Yat Tung (1) Estate,逸東（１）邨,0,0,17041,39,8.8,2000,12250,40.4,21130,26990,3.1,22.280546,113.936389
Yat Tung (2) Estate,逸東（２）邨,0,0,19872,43,8.4,2210,12250,40.1,20000,24160,3.1,22.281237,113.935695
Yau Lai Estate,油麗邨,0,0,27023,31,11.3,2100,12000,42.4,18690,21330,3.2,22.299182,114.236622
Yau Oi Estate,友愛邨,0,0,25471,35,6.5,1190,12000,45.7,17000,20800,2.8,22.387304,114.171889
Yau Tong Estate,油塘邨,0,0,8699,34,13.5,2140,11900,47.9,15500,20000,2.5,22.2944648,114.2390082
Yiu On Estate,耀安邨,3000,14.3,14017,41,6.8,1200,14400,47.3,25000,29000,3.1,22.4189727,114.2303504
Yiu Tung Estate,耀東邨,0,0,15244,35,9.2,1900,12000,46.5,17730,22400,3,22.278236,114.222664
Yue Wan Estate,漁灣邨,0,0,5074,34,8.1,1250,11500,47.1,14300,20750,2.4,22.265622,114.24105
Yung Shing Court,雍盛苑,4500,15,8005,43,8.2,1900,13000,36.1,26200,30000,3.3,22.4824644,114.1372043
Cheung Lung Wai Estate,祥龍圍邨,0,0,3765,30,11.3,1510,10000,36.9,11960,16000,2.8,22.49447,114.1262918
Cheung Sha Wan Estate,長沙灣邨,0,0,3344,21,11.8,1510,10000,48,12000,15000,2.4,22.3346115,114.1563831
Fung Wo Estate,豐和邨,0,0,3547,22,10.5,1250,12750,39.9,12080,15000,2.2,22.3877454,114.1931671
Hung Fuk Estate,洪福邨,0,0,9255,30,9,1230,11750,37.5,12250,15000,2.4,22.4376959,113.9977378
Kai Ching Estate,啟晴邨,0,0,11881,22,10.3,1540,11000,44.3,14010,17000,2.3,22.3321986,114.2038384
Lower Ngau Tau Kok Estate,牛頭角下邨,0,0,9716,22,11,1290,11750,46.9,12000,14580,2.1,22.3214432,114.2159576
Shui Chuen O Estate,水泉澳邨,0,0,10404,30,12.1,1770,12000,38.6,13530,16380,2.5,22.3727444,114.1977892
Tak Long Estate,德朗邨,0,0,18645,22,10.4,1550,12000,43,14000,17000,2.3,22.3307857,114.204167
Tung Wui Estate,東滙邨,0,0,1549,14,15,990,10170,65.7,5900,10250,1.2,22.3323813,114.1939293
Wing Cheong Estate,榮昌邨,0,0,3654,22,11.5,1520,10300,40.3,13830,16160,2.4,22.3291476,114.15564
Yee Ming Estate,怡明邨,0,0,5190,30,12.3,1750,12000,42.4,13750,16000,2.6,22.3069115,114.2636242
Affluence Garden,澤豐花園,5250,17.8,6081,43,35.8,8400,15000,46.2,29150,32500,2.8,22.4032507,113.9750208
Aldrich Garden,愛蝶灣,6000,15.2,8847,54,0,0,18000,41.1,35700,38300,3.2,22.2828193,114.2249325
Bauhinia Garden,寶盈花園,5400,16.2,9684,45,0,0,19500,44.7,28000,33560,3.1,22.3064945,114.2623312
Beverly Garden,富康花園,5600,17.8,12663,55,15.6,10000,15000,45.1,32710,34300,3.2,22.311076,114.2621919
Broadview Court,雅濤閣,6000,19.5,4466,54,0,0,19500,44,32960,35000,2.9,22.2427515,114.1654661
Carado Garden,雲疊花園,6500,15.4,6043,55,25,10000,17000,47.6,30000,34550,3.1,22.368905,114.177428
Charming Garden,富榮花園,9000,20.9,11314,55,0,0,19250,46.9,35000,38860,3,22.3142252,114.165115
Cheerful Garden,富怡花園,6000,17.6,5264,55,31.3,10000,18000,49.8,30000,36600,2.9,22.2628253,114.2498465
Cheong Shing Court,昌盛苑,4900,14.1,4107,60,0,0,15500,46.2,30000,31150,3.3,22.4833708,114.1386726
Cheung Wo Court,祥和苑,9300,19,3971,41,36.3,9500,16000,50.8,27000,31290,2.7,22.319627,114.227273
Chevalier Garden,富安花園,5520,15.7,11064,45,16.7,9000,15000,50.1,30740,36670,3,22.4045675,114.224561
Ching Tai Court,青泰苑,10000,17.5,6817,51,0,0,15500,45.1,29550,31540,3.1,22.3623044,114.1013925
Ching Wah Court,青華苑,5420,17.7,6520,37,40.4,7500,15000,43.5,25420,30000,2.8,22.3485598,114.1014702
Choi Ming Court,彩明苑,5310,16.2,15399,43,9.8,2100,13300,39.3,26140,30600,3.3,22.30876,114.255334
Choi Po Court,彩蒲苑,5700,24.8,4816,37,38.1,8360,15000,45.3,19230,24460,2.6,22.5010272,114.1246673
Chun Man Court,俊民苑,10000,19.1,4935,49,20.3,14000,21200,46.5,31250,48000,3,22.3141244,114.1781502
Chung Ming Court,頌明苑,7000,17.4,4894,52,0,0,15500,50.3,30000,33400,3,22.3178166,114.2631481
Chung Nga Court,頌雅苑,6000,19.5,5506,41,49,9190,14600,47.7,23200,29000,2.9,22.4590624,114.1703628
Elegance Garden,富雅花園,11000,19.5,3175,55,0,0,20000,45.6,30750,36060,3.2,22.444268,114.167513
Fu Keung Court,富強苑,9800,29.2,3786,54,0,0,16500,46.3,32310,35990,2.8,22.340101,114.184863
Fu Ning Garden,富寧花園,8110,19.6,6934,55,24.4,10000,15000,50,27650,33000,3,22.318881,114.267555
Fullview Garden,富景花園,9500,24.7,9402,55,0,0,16500,49.4,31000,35000,3,22.2625663,114.2520156
Fung Shing Court,豐盛苑,7000,18.4,5940,35,23,8800,16000,47.5,23600,32000,2.6,22.3697514,114.1890794
Glorious Garden,富健花園,5000,13.6,9270,55,0,0,15000,43.2,30000,32990,3.3,22.3832028,113.9659136
Grand View Garden,宏景花園,6400,18,6374,53,0,0,18000,46.6,33000,36290,3,22.3411704,114.2080904
Greenwood Terrace,康翠臺,10040,21.5,6342,48,34.4,13500,18000,45.6,39700,43000,3.2,22.2668998,114.2354422
Harmony Garden,富欣花園,6800,17.8,7037,55,24.5,13010,17000,46.6,37160,38800,3.2,22.2654311,114.2489807
Hiu Lai Court,曉麗苑,6500,18.5,14477,55,25.5,10000,16970,46.4,30600,34750,3,22.318636,114.229892
Hong Lam Court,康林苑,6010,20,3135,52,0,0,14500,46.9,29670,30960,3,22.380742,114.217894
Hong Nga Court,康雅苑,6850,17.1,5404,50,30.3,12000,18000,48.3,29000,31500,3,22.304905,114.238237
Hong Pak Court,康柏苑,7310,17.1,6377,52,23.5,10300,17500,47.9,30000,33000,2.8,22.3020235,114.239774
Hong Sing Garden,康盛花園,6500,19.9,5505,55,17.8,5700,15500,46.2,32900,37000,3.1,22.3199666,114.2538948
Hong Wah Court,康華苑,7290,20,4341,39,39.9,10000,15500,38.9,26000,30000,2.8,22.314009,114.239606
Hong Yat Court,康逸苑,6520,17.6,4830,60,0,0,20000,41.2,38040,40000,3.1,22.310395,114.234508
Ka Lung Court,嘉隆苑,6500,13.3,3868,52,0,0,15000,50,29090,35960,2.8,22.249523,114.139595
Ka Shing Court,嘉盛苑,7800,16.1,7123,50,29.4,9000,15000,47.6,32000,36000,3.1,22.492869,114.1338877
Ka Tin Court,嘉田苑,5700,15,4753,44,30.1,9330,15850,45.8,31000,38000,3,22.360314,114.173346
Kai Tsui Court,佳翠苑,7200,14.4,3829,50,0,0,15000,47.1,30500,33650,3.1,22.261509,114.251274
Kam Fung Court,錦豐苑,6100,19,16364,50,0,0,17000,43.1,30000,33290,3.1,22.422362,114.2249961
Kam Hay Court,錦禧苑,9500,17.1,3097,52,0,0,15000,48.6,27000,31580,3,22.420915,114.230454
Kam Lung Court,錦龍苑,5250,15.6,3712,52,18.4,10800,15500,49.3,30000,34640,2.8,22.4262504,114.2403432
Kam Tai Court,錦泰苑,6330,16.3,10953,60,0,0,17000,45,33300,36000,3.3,22.4094781,114.2215507
Kam Ying Court,錦英苑,6500,21.7,9413,52,13,5000,16000,49.4,27900,31250,2.9,22.42307,114.2374743
King Shan Court,瓊山苑,8000,20,4149,51,30.9,11000,18000,46.5,27000,34000,2.8,22.34212,114.210612
King Shing Court,景盛苑,8300,26.5,6804,50,18.7,7500,15000,49.2,28500,33100,2.9,22.4877,114.140872
King Tin Court,景田苑,6200,20.2,3559,42,24,9800,19500,47.5,27000,31800,2.7,22.366816,114.179747
Kingsford Terrace,嘉峰臺,6500,17,5926,54,0,0,20000,38.5,37200,40000,3,22.3405418,114.2111442
Ko Chun Court,高俊苑,7500,17.3,4993,49,0,0,19500,46.2,32000,35000,3.1,22.297879,114.240986
Kornhill Gardens,康山花園,9000,15.6,5784,54,26.3,14000,20000,47.2,40000,48250,2.9,22.285073,114.215412
Kwai Chun Court,葵俊苑,9500,19.5,3045,52,0,0,17000,50.5,27670,32200,2.9,22.3645673,114.1319294
Kwong Lam Court,廣林苑,7000,21.9,5285,39,30.3,8000,15000,48.8,28500,31700,3,22.380481,114.215767
Kwong Ming Court,廣明苑,6000,17,12665,49,0,0,15500,46.4,27500,33000,3.1,22.3122761,114.2591895
Lai Yan Court,荔欣苑,6500,17.8,5562,55,0,0,20590,41.7,34250,37120,3,22.3428305,114.1380705
Lei On Court,鯉安苑,7200,19.1,5342,60,0,0,19000,38.7,37000,40000,3.2,22.30904,114.2322588
Lok Hin Terrace,樂軒臺,7590,25,4588,52,0,0,16700,48.9,30000,35530,3,22.263897,114.240544
Lok Nga Court,樂雅苑,7000,16,3300,43,42.9,9250,18000,43.3,27700,34250,2.7,22.321971,114.220867
Lung Mun Oasis,龍門居,4500,13.6,11649,55,0,0,15000,44.4,26820,30000,3.2,22.3844955,113.9671569
Lung Poon Court,龍蟠苑,8000,18.2,9147,39,28.7,11500,17000,47.3,30000,36500,2.6,22.341888,114.2008457
May Shing Court,美城苑,6070,16.4,5513,35,25.7,10000,16000,51.9,26990,30300,2.7,22.3789468,114.1742868
Mei Chung Court,美松苑,7380,21.1,5669,52,0,0,19500,48.1,35000,39340,3,22.3804423,114.1729219
Melody Garden,美樂花園,9600,16.1,6207,64,8.3,4500,21250,42.1,33500,40500,3.1,22.373368,113.961526
Ming Nga Court,明雅苑,7500,21.2,4168,37,26.1,9300,18000,44.9,25630,30000,2.6,22.451871,114.174701
Ning Fung Court,寧峰苑,6000,20.6,3816,47,0,0,16500,45.6,30250,33960,3.2,22.361751,114.138906
On Ning Garden,安寧花園,7300,17.8,6921,50,22.3,10800,16000,49.2,32400,41900,3.2,22.318881,114.267555
Po Ming Court,寶明苑,4500,15,4370,40,55.7,8840,15000,46.2,28000,32250,2.9,22.3118409,114.2577637
Po Nga Court,寶雅苑,5500,13.6,6759,41,26.7,8000,15000,48,29550,33500,2.9,22.451949,114.1610278
Po Pui Court,寶佩苑,5300,17.2,4931,52,0,0,18000,46.3,27400,32460,3,22.317308,114.229135
Prime View Garden,景峰花園,4500,16.4,3572,39,32,8200,15000,46.9,20000,27300,2.7,22.403219,113.979767
Rhythm Garden,采頤花園,6500,16.7,9552,55,0,0,17900,44,35000,37510,3.2,22.3351,114.201743
Richland Gardens,麗晶花園,6500,15.5,15085,38,40.1,10500,16800,44,27910,36750,2.7,22.3301173,114.2066792
Saddle Ridge Garden,富寶花園,5500,15.4,11696,54,30.3,10800,16500,48.3,29000,34810,2.9,22.424849,114.239499
San Wai Court,新圍苑,5500,18.3,5768,51,59.6,8650,14000,48.5,24000,28880,2.9,22.4049781,113.9627776
Shun Chi Court,順緻苑,8500,17.3,4253,52,18.8,3500,20000,42.3,35000,44220,3,22.332592,114.225109
Siu Hei Court,兆禧苑,5160,17.6,6454,33,39.4,7800,15000,48.6,21250,26000,2.4,22.3744297,113.9670201
Siu Hin Court,兆軒苑,5500,20,2928,38,23.6,7500,15500,49.3,23000,25750,2.6,22.40716,113.969493
Siu Hong Court,兆康苑,6060,18.2,11844,42,23.8,8100,15000,47.8,25000,30000,2.7,22.4132695,113.9771696
Siu Kwai Court,兆畦苑,6050,17.6,3784,41,21.7,7200,15000,50.5,26000,28200,2.7,22.4054049,113.9657278
Siu Lun Court,兆麟苑,5500,16,11804,52,0,0,15000,46.9,24750,27880,2.9,22.3843468,113.9773303
Siu On Court,兆安苑,5170,15,3389,52,21.1,8800,15500,42.4,27400,30000,2.8,22.3874509,113.9766935
Siu Shan Court,兆山苑,3700,12.2,4660,51,35.9,8970,16000,52.5,24960,31500,2.7,22.378276,113.964355
South Wave Court,南濤閣,5960,13.6,2771,55,0,0,15500,51.6,31000,34500,2.7,22.244734,114.16592
Sui Wo Court,穗禾苑,8000,17.9,8597,44,32.3,11000,18300,46.9,31790,40750,2.6,22.3938679,114.19446
Sun Hing Garden,新興花園,7700,16.3,4303,44,29.2,8200,17000,42.9,33500,36430,3,22.4532957,114.1735211
Tai Po Plaza,大埔廣場,6500,17,3314,38,12.6,7800,17000,44.3,30000,32750,2.5,22.452909,114.170445
Tin Chung Court,天頌苑,4700,17.1,18044,59,24.5,8580,15000,41.6,26000,28750,3.1,22.4607509,113.9999296
Tin Fu Court,天富苑,4300,16,14766,60,21.1,7670,15500,40.8,26250,28000,3,22.4653168,113.9985656
Tin Ma Court,天馬苑,6500,20.5,6478,34,26.7,10500,16000,46.8,28200,31400,2.5,22.3429073,114.1871296
Tin Oi Court,天愛苑,5500,15.7,3724,50,33.9,8000,14300,47.5,30750,32500,3.1,22.4537509,113.9980666
Tin Shing Court,天盛苑,4200,13.9,20664,59,22.8,8880,15000,43.4,28500,30000,3.3,22.4478055,114.0022748
Tin Yau Court,天祐苑,4300,16.6,5090,50,0,0,14500,49.3,26000,31500,2.9,22.4506712,114.0059132
Tong Ming Court,唐明苑,6000,18.4,5904,52,0,0,16000,46.2,32750,37580,3.2,22.3079357,114.2565564
Tsui Chuk Garden,翠竹花園,7000,18.4,10391,45,42.3,11000,16000,44.1,28830,34020,3,22.346389,114.187572
Tsui Lai Garden,翠麗花園,5500,19.3,6111,55,34.6,6000,15000,46.2,28860,31250,3.1,22.5077877,114.1294805
Tsui Ning Garden,翠寧花園,7800,17.1,5744,55,0,0,15000,47,26880,30000,2.9,22.384498,113.9740767
Tsz Oi Court,慈愛苑,6800,20.3,12635,52,0,0,16000,42.8,32600,34900,3.2,22.3514728,114.1989725
Tung Chun Court,東駿苑,7000,24,3442,50,0,0,16000,51.5,25160,30000,2.9,22.2772233,114.2225683
Tung Hei Court,東熹苑,8500,21.8,7157,50,0,0,15500,47.7,34000,36800,3.1,22.280228,114.2189651
Tung Tao Court,東濤苑,9500,23.1,3837,52,0,0,19000,42.2,41800,43200,3.2,22.2819431,114.2254711
Tung Yuk Court,東旭苑,8090,16.2,5250,60,0,0,18000,48.9,35750,39000,3.4,22.2819431,114.2254711
Wang Fuk Court,宏福苑,5000,13.6,4789,44,29.6,8300,18000,53.6,25000,35000,2.6,22.4469311,114.1754355
Wing Fai Centre,榮輝中心,5000,14.1,4061,53,0,0,15000,45.9,30000,34210,3.1,22.5017681,114.1435336
Wing Fok Centre,榮福中心,5500,16.9,4734,55,0,0,15000,48,23750,29000,3,22.5013467,114.140354
Wo Ming Court,和明苑,5500,16.7,4976,49,0,0,16000,46.7,30000,35000,3.2,22.315703,114.26686
Yan Ming Court,欣明苑,7260,16.5,4604,52,18,7000,15500,51.8,26250,30000,2.8,22.323228,114.259113
Yan Shing Court,欣盛苑,5500,19,6955,52,26,7800,16500,47.7,29540,33000,2.9,22.48714,114.140435
Yat Nga Court,逸雅苑,9500,14.9,3583,35,17.4,10000,15000,44.1,23570,26800,2.9,22.442849,114.167415
Yau Chui Court,油翠苑,7000,20.9,4519,51,0,0,17500,40.7,31090,32750,3.2,22.300854,114.237675
Yee Nga Court,怡雅苑,5750,14.7,4841,52,28,8250,15000,49.3,26910,33530,2.8,22.45457,114.174516
Ying Ming Court,英明苑,6000,20,5058,51,24,5000,15500,48.7,29000,31250,3,22.3258504,114.2571956
Yu Chui Court,愉翠苑,6500,19.4,12784,60,15.4,8880,20000,40.2,35000,36480,3.2,22.3821952,114.2054406
Yu Ming Court,裕明苑,6800,17.9,3555,50,25.6,10000,17000,45.3,30180,38500,3.1,22.318413,114.2665384
Yu Tung Court,裕東苑,4250,15.1,6655,55,27.3,10000,18000,47.5,28500,32490,2.7,22.2865988,113.9422304
Yue Fai Court,漁暉苑,6000,20,3026,36,19.6,9150,17500,45,27950,34000,2.5,22.2499061,114.156947
Yue On Court,漁安苑,6000,18.2,5700,44,37.5,13000,15000,48.3,33500,35500,3,22.2428225,114.1572259
Yue Tin Court,愉田苑,6120,16.7,4317,43,19.3,11000,20000,52.5,21400,34000,2.6,22.382938,114.201677
Yuet Wu Villa,悅湖山莊,5050,15.1,11546,55,13.8,7500,15200,46.7,30000,34500,3.1,22.375095,113.968477
Yuk Ming Court,煜明苑,7500,21,5591,56,0,0,16500,48.1,29000,34280,3.2,22.314915,114.267443
Yuk Po Court,旭埔苑,6500,17,3238,51,28.2,9500,18000,50.8,26000,31700,2.7,22.499941,114.128293
Cho Yiu Chuen,祖堯邨,0,0,7159,44,10.6,2200,15000,47.6,21000,25580,2.8,22.34459,114.129922
Chun Seen Mei Chuen,真善美邨,0,0,2464,32,9.6,1310,12000,51.9,14580,25230,2.4,22.3250165,114.1875604
Healthy Village,健康村,7420,9.5,5227,31,12.2,1680,16000,51.4,19500,29000,2.4,22.291892,114.206206
Jat Min Chuen,乙明邨,0,0,9577,24,11.2,1950,13500,51.1,17490,23000,2.6,22.3760296,114.1913701
Ka Wai Chuen,家維邨,8600,25,6928,32,12.5,1750,13500,49.9,19250,26450,2.8,22.3055658,114.1887233
Kwun Lung Lau,觀龍樓,0,0,6069,29,12.3,1750,12000,46.1,17000,21100,2.7,22.28068,114.127858
Kwun Tong Garden Estate,觀塘花園大廈,0,0,12578,30,10.7,1750,13000,50.7,15500,21000,2.6,22.317134,114.2177
Lai Tak Tsuen,勵德邨,0,0,6700,28,10.4,1750,12000,53,16550,21790,2.6,22.2779119,114.194421
Lok Man Sun Chuen,樂民新邨,0,0,8972,29,9,1390,12000,52.4,17000,20070,2.6,22.317201,114.185904
Ming Wah Dai Ha,明華大廈,0,0,5727,29,9.4,1700,12250,53.2,17920,22490,2.6,22.2793054,114.2312479
Broadview Garden,偉景花園,7540,15.9,5359,51,14.3,3500,16390,46.8,31470,33660,3.1,22.3567278,114.103606
Clague Garden Estate,祈德尊新邨,6890,16.1,3847,39,19,3500,16800,51.5,21340,31250,2.6,22.3702925,114.110342
Highland Park,浩景臺,8000,14.9,4366,53,7.5,3000,29000,41.6,54000,55250,3.1,22.349214,114.130114
Kai Tak Garden,啟德花園,7000,15,3743,55,0,0,21250,45.7,38620,46580,3.1,22.3377962,114.1944869
Kingston Terrace,景新臺,4500,13.2,2927,47,0,0,17500,36.5,30250,32490,2.7,22.4027882,113.9811339
The Pinnacle,叠翠軒,8000,17.1,4932,54,0,0,23750,41.5,42150,45000,3.4,22.3204366,114.2582634
Tivoli Garden,宏福花園,11460,23.3,3342,66,0,0,20000,44.9,42800,45000,3.3,22.354456,114.107587
Verbena Heights,茵怡花園,6000,18.7,6661,41,13.5,1250,16000,48.9,20000,29500,2.4,22.321329,114.255447
Aberdeen Centre,香港仔中心,9000,19.8,7918,42,25,11500,18000,42.7,34000,39250,3.1,22.2489469,114.1538791
Aegean Coast,愛琴海岸,11000,21,4515,60,22,15900,30000,42.2,48350,51290,3,22.373538,113.994747
Allway Gardens,荃威花園,6500,15.8,9613,45,27.5,11000,16850,44.3,34370,38000,2.9,22.378318,114.103615
Amoy Gardens,淘大花園,8280,19.4,10721,35,32.1,11750,22000,37.7,34000,38600,2.4,22.325129,114.217078
Aqua Marine,碧海藍天,12000,17.7,4453,47,29.9,16300,39200,36.4,60000,61500,2.9,22.332318,114.1485245
Avon Park,碧湖花園,7000,20,3143,41,25.1,9000,20000,40.4,34500,37930,2.6,22.4874634,114.1425402
Baguio Villa,碧瑤灣,25000,19.6,5023,91,37.2,47000,70000,43.2,104500,118710,3.6,22.2616008,114.1338225
Banyan Garden,泓景臺,11500,17.8,6464,47,25.5,17000,32000,37.5,55500,60600,2.8,22.3339641,114.147242
Bayshore Towers,海柏花園,8890,17.8,2560,39,24,13500,30000,42.5,49470,52000,2.5,22.425502,114.232593
Bayview Garden,灣景花園,12500,20.2,3947,65,32,19500,30000,45.5,58490,66000,3.5,22.3697741,114.0993613
Bedford Gardens,百福花園,13000,18.9,3960,51,29,15000,20000,45.4,45700,52950,3,22.289229,114.204418
Bel0Air,貝沙灣,36000,24,9130,113,32.8,53000,70000,37.4,120000,136000,3.7,22.2541722,114.1328109
Belair Gardens,富豪花園,12000,22.1,6264,62,34.6,17500,25000,41.9,53000,60210,3.5,22.385641,114.1998547
Belair Monte,綠悠軒,8600,20.5,4683,57,32.7,9500,20000,41.8,33000,40000,3,22.5015786,114.1460331
Bellagio,碧堤半島,12000,19,10127,70,25.7,14800,28040,40.8,54120,59000,3.1,22.367391,114.061397
Belvedere Garden,麗城花園,10000,18.5,18745,62,27,14500,20000,43.1,42000,47500,3.2,22.3717381,114.1012016
Braemar Hill Mansion,賽西湖大廈,36000,29.3,3817,104,36.6,50000,50000,40.9,99890,120000,3.9,22.2857549,114.2019146
Caribbean Coast,映灣園,10830,22.1,12515,67,29.9,15300,31250,38.8,45000,52000,2.7,22.2922883,113.948814
Castello,帝堡城,15500,16.3,6333,78,17.2,22500,38750,41.2,74160,75000,3.8,22.383912,114.215991
Celestial Heights,半山壹號,55000,35.6,3469,114,32.6,41800,43000,36.5,97890,102250,4.1,22.3194779,114.186131
Central Park,帝柏海灣,18000,17.3,4410,63,23.3,22800,45000,39.9,71900,75060,3.4,22.3178507,114.1620857
Central Park Towers,柏慧豪園,8480,20.3,4258,46,30,10000,22000,39.5,30000,35500,2.4,22.45926,114.001031
Central Park Towers II,柏慧豪廷,7800,20,2937,47,37.9,10500,18000,37.9,33290,35210,2.8,22.45926,114.001031
Chelsea Court,爵悅庭,10500,18.5,4273,43,29.6,13500,25000,36.4,46000,50000,2.8,22.3667885,114.1164626
Chelsea Heights,卓爾居,11000,19.8,4702,49,22.1,11500,25000,40.6,45450,45500,3.1,22.4007501,113.9744438
Chi Fu Fa Yuen,置富花園,12000,19.1,10631,55,29.7,15500,23000,44.5,40250,50000,2.8,22.258493,114.138455
City Garden,城市花園,17800,18.2,8088,75,33.8,26500,26000,41.5,58780,69000,3.7,22.290278,114.194132
City One Shatin,沙田第一城,9300,17.8,25524,30,26.8,10800,23750,42.6,37500,45000,2.6,22.3868235,114.2040794
Classical Gardens,新峰花園,12000,17.7,4366,69,24.5,17000,30000,41.9,54790,58000,3.3,22.441874,114.160915
Coastal Skyline,藍天海岸,13000,21.1,7776,60,32.6,15500,30000,38.4,50900,54160,2.7,22.2917622,113.9454684
Cosmopolitan Estate,大同新邨,7000,27.5,6138,30,26.8,7800,13500,52,20000,24000,2.3,22.3214861,114.1611079
Dawning Views,牽晴間,8000,20.1,6247,40,25.1,9600,24000,39.2,43500,45000,2.6,22.486982,114.1437626
Discovery Bay,愉景灣,18000,22.2,19502,70,33.4,21000,45000,42.3,60000,66210,2.6,22.2921406,114.0101467
Discovery Park,愉景新城,10200,16,8893,46,27,13000,26250,42.3,47000,51500,2.8,22.3764012,114.111548
East Point City,東港城,12000,17.8,7054,58,29.7,16000,30000,41.6,55580,59160,3.4,22.3163194,114.2653773
Fairview Park,錦綉花園,15000,19.2,14474,85,26.3,20000,28750,45.6,54000,65000,3.3,22.4780591,114.0443408
Fanling Centre,粉嶺中心,7500,16.6,5327,44,28.5,9500,20000,44.9,31250,35250,2.8,22.4910234,114.1409181
Fanling Town Center,粉嶺名都,5700,17.1,2797,37,25.7,9000,20000,37.6,27790,30000,2.5,22.4922565,114.1397086
Festival City,名城,19400,24.8,13453,69,32.5,21500,39000,36.3,65000,70300,3.5,22.3702784,114.1757044
Flora Plaza,花都廣場,8400,19.2,6861,36,31.5,8900,20000,38.7,31880,34500,2.8,22.4854804,114.141195
Fortress Garden,富澤花園,17000,15.3,3528,61,31.8,21500,30000,43.7,53860,68650,3,22.287307,114.194248
Galaxia,星河明居,13570,18.8,5064,55,22.3,18000,30000,40.2,65000,66660,3.1,22.3411725,114.2020788
Garden Rivera,河畔花園,5500,17.6,2514,25,27.9,9300,19500,37.8,27000,30500,1.8,22.381189,114.195249
Golden Lion Garden Phase 1,金獅花園１期,6000,15.6,2471,27,31.6,9500,20000,44.7,30000,32000,2.3,22.3694749,114.1841376
Golden Lion Garden Phase 2,金獅花園２期,7350,20.9,3318,30,29.3,10000,19000,38.7,30170,33000,2.4,22.3678068,114.1812408
Goodview Garden,豐景園,6000,16.2,3112,32,30,8000,18000,39.7,30000,30000,2.6,22.3833713,113.9729815
Grand Del Sol,朗晴居,9000,14.1,3685,69,20,12500,24700,39,50850,60000,3.4,22.440443,114.0329916
Grand Horizon,海欣花園,8500,15.7,4041,46,31,14500,27000,35.8,47250,50000,3,22.3518145,114.1094833
Grand Promenade,嘉亨灣,12150,18.6,4573,47,37.5,19000,35000,36.9,55000,59210,2.6,22.2850284,114.2245417
Grand Waterfront,翔龍灣,12620,22.1,5078,40,31.8,17000,25000,37.2,49000,52000,3,22.3191879,114.1934938
Greenfield Garden,翠怡花園,7400,17.7,6677,34,27.1,11000,20000,38.4,37700,40000,2.3,22.352316,114.108436
Hanford Garden,恒福花園,8000,21,4576,54,12.2,8300,19730,40.3,41300,46410,3.2,22.382672,113.977359
Harbour Green,君滙港,16290,21.4,3592,45,28.3,21500,50000,37.5,65000,70000,2.6,22.3220363,114.1593459
Harbour Place,海濱南岸,14000,17.8,7701,55,33.1,19500,33750,35.1,62970,67500,3.3,22.3032182,114.1863503
Healthy Gardens,健威花園,10050,17,2783,42,38.8,14290,19800,43.6,30000,40000,2.7,22.291667,114.203934
Heng Fa Chuen,杏花邨,14300,20,18445,55,24,16500,30000,43,52110,60670,3.1,22.2780222,114.2404905
Hong Kong Garden,豪景花園,10200,20.9,7942,66,32.1,10800,22000,42.6,39000,45000,3,22.3621089,114.0424972
Hong Kong Gold Coast,香港黃金海岸,9000,14,3780,56,27.8,14000,33750,42.5,43000,50000,2.6,22.3719709,113.9908184
Hong Lok Yuen,康樂園,34850,16.5,5090,151,45.5,38000,40000,42.6,115000,121160,4.6,22.4606817,114.1543395
Island Harbourview,維港灣,17000,18.9,6549,64,22.7,20000,45000,42.6,83000,90000,2.9,22.3188591,114.1572652
Island Resort,藍灣半島,15500,19.4,9319,56,25.3,18000,30800,41,64000,69250,3.2,22.2662459,114.2508717
Jubilant Place,欣榮花園,13390,17.2,3180,71,19.7,16200,31250,44.5,63000,65660,3.7,22.321777,114.189322
Jubilee Garden,銀禧花園,10200,18.2,5950,47,32.6,14800,26250,41.7,44350,47000,2.9,22.3964246,114.199679
Kingswood Villas,嘉湖山莊,7000,17.6,39964,51,33.7,9110,20000,44.4,28750,37800,2.8,22.4579826,113.9991517
Kornhill,康怡花園,15000,19.8,18737,55,26.7,17000,30000,42.6,58320,65850,3,22.28406,114.216151
La Cite Noble,新寶城,10000,18.3,6207,41,25.8,14500,27000,41.1,48000,52130,3,22.3142723,114.2661729
Laguna City,麗港城,12340,18.1,25281,64,24.1,15800,32000,39.7,60300,65210,3.3,22.30606,114.2279046
Laguna Verde,海逸豪園,15500,20.2,13537,73,36.7,19500,31250,38.9,60000,64800,3.2,22.307797,114.1926098
Lake Silver,銀湖‧天峰,15250,21.1,6347,63,27.8,19500,31000,39.2,55000,65610,3.2,22.4285795,114.2446222
Lei King Wan,鯉景灣,13560,21.1,6576,53,26.7,20000,28000,43.4,51000,61210,3,22.2863118,114.2237354
Liberte,昇悅居,12500,20,6031,48,31.8,16500,31250,39.9,54160,57930,2.6,22.3347078,114.1488929
Lido Garden,麗都花園,8500,15.4,3871,57,30,11500,21250,43.1,46500,50250,3,22.366227,114.058911
Lohas Park,日出康城,15500,22.9,25319,66,28,16000,26250,38.7,57210,60000,3.3,22.2944817,114.2702546
Lucky Plaza,好運中心,10000,21.3,3518,40,31.3,12000,21250,42.6,30340,43000,2.7,22.3826912,114.19123
Luk Yeung Sun Chuen,綠楊新邨,8300,17,10742,44,18,11800,20000,43.6,36440,41400,2.9,22.3723225,114.1218025
Manhattan Hill,曼克頓山,18000,19.3,3128,63,31.7,21000,45000,37.4,64650,66250,2.9,22.3345579,114.1424448
Mayfair Gardens,美景花園,7000,20,4638,40,25.1,9300,18100,38.2,35000,37000,2.6,22.3440515,114.1071605
Mei Foo Sun Chuen,美孚新邨,14000,17.8,37303,62,30.9,17390,26250,42.7,46740,55750,3.1,22.3366356,114.1402195
Metro City,新都城,11000,18.7,18714,49,30.5,14500,25000,41,44000,50000,3,22.3225404,114.2570671
Metro Harbour View,港灣豪庭,9500,17,8954,35,27.3,14000,25500,39,41000,46990,2.7,22.3245493,114.1604704
Metro Town,都會駅,14330,16.9,11678,60,25.6,18600,34000,38.1,61110,71710,3.3,22.3049429,114.2518906
Metropole Building,新都城大廈,10000,23.7,3312,48,45.2,6100,12000,41.1,17500,24250,3,22.2905983,114.1993903
Miami Beach Towers,邁亞美海灣,9000,19.8,3215,44,20.7,9000,25000,37.5,38000,43040,2.7,22.372889,113.969608
Monte Vista,翠擁華庭,14500,20,5598,71,23.3,15000,31250,41.4,58840,61000,3.6,22.4268685,114.243322
Mount Parker Lodge,康景花園,14000,23.6,3098,79,27.2,20000,24000,44.6,50840,59150,3.3,22.28159,114.2130347
Mountain Shore,曉峯灣畔,11500,17.9,3263,47,25.1,14000,27900,39.8,54860,56660,3,22.4106448,114.2225177
Nan Fung Plaza,南豐廣場,11000,20.1,4973,56,21.1,13500,23750,42.4,46160,53490,3.3,22.3738014,114.1163447
Nan Fung Sun Chuen,南豐新邨,12000,20.6,7148,36,29.9,14830,22000,42.1,33000,42490,2.7,22.2818221,114.2145548
Nerine Cove,南浪海灣,8600,17.7,3638,50,22.2,10500,26300,39.4,42500,42600,3,22.38222,113.97194
New Jade Garden,新翠花園,8500,17.3,4383,55,33.3,15000,20000,41.5,43000,45800,3.2,22.264079,114.237294
New Kwai Fong Gardens,新葵芳花園,8530,20,3183,38,31.6,12000,21000,40.2,39000,40000,2.5,22.356447,114.128179
Ocean Shores,維景灣畔,12680,17.7,15372,48,23,16500,36250,42.1,60000,65200,2.9,22.3031707,114.2527951
Oceanaire,天宇海,15500,21.3,3999,69,33.6,20000,32000,41.4,64250,69710,3.7,22.4154611,114.223678
On Wo Yuen,安和園,8000,27.4,2858,38,30.2,7000,13000,43.7,18120,23750,2.6,22.3066478,114.1677976
Oscar By The Sea,清水灣半島,11050,16.7,5797,49,28.6,15500,32500,40.9,59630,62500,3.2,22.3104901,114.2836275
Parc Oasis,又一居,17000,18.8,5569,61,23.4,26200,40000,43.5,64000,70000,3.2,22.3336857,114.1748605
Park Avenue,柏景灣,15000,21.1,5077,69,32.8,18500,33750,41.3,63470,67000,3.2,22.316344,114.163671
Park Central,將軍澳中心,10130,18.6,12338,43,30,15500,30000,38.7,50000,55000,2.9,22.3071128,114.2571434
Park Island,珀麗灣,11500,20,12952,51,25.3,14000,30000,41.4,49000,55000,2.7,22.3532151,114.0614369
Parkland Villas,叠茵庭,9000,21.2,4117,36,26.3,9050,22920,37.8,39210,41000,2.6,22.4106042,113.9811225
Pictorial Garden,碧濤花園,16000,20.1,6004,71,38.5,19000,28000,41.5,56270,66700,3.6,22.394372,114.20765
Pierhead Garden,海翠花園,7660,15.8,4221,57,32.2,11000,20000,40.2,36000,40200,3.1,22.3727854,113.9658436
Prosperous Garden,駿發花園,11000,18.5,4820,54,23,5100,16000,45.1,34000,40800,3.2,22.3099781,114.1688408
Provident Centre,和富中心,16000,20.4,5211,81,31,26250,23750,43.3,47040,51290,3.8,22.2919619,114.1954428
Queen's Terrace,帝后華庭,13000,28.1,2466,44,34.6,17500,29000,43.1,40900,52000,2.3,22.287046,114.14769
Rambler Crest,藍澄灣,9500,16,4677,45,25.6,13000,25000,35.8,51200,53000,3.2,22.3429026,114.1102588
Ravana Garden,濱景花園,12000,16,3293,51,24.3,13300,30000,42.6,60000,66460,3.1,22.391411,114.205958
Residence Oasis,蔚藍灣畔,12000,19.5,5870,47,27.5,16000,30000,39.8,52200,61750,3,22.3160036,114.2646188
Rhine Garden,海韻花園,9700,16.7,3413,63,29.9,12800,20100,42.8,44500,47000,3.3,22.368432,114.061637
Riviera Gardens,海濱花園,8500,17.7,17278,52,28.2,11000,20000,43.6,37660,40000,3.2,22.3620725,114.1138363
Royal Ascot,駿景園,21250,18.5,9158,97,23.2,25000,50000,42.1,101000,107990,3.7,22.4004282,114.2022697
Royal Peninsula,半島豪庭,19500,19.4,4680,66,35.1,20000,32000,36.8,51000,60290,3,22.3044306,114.1847977
Sausalito,嵐岸,13000,18.4,3327,45,25.6,17000,30000,36.2,65000,70000,3.5,22.4119056,114.2224908
Sceneway Garden,滙景花園,12800,18.6,12396,57,29.3,17140,30000,40.9,59450,63000,3.3,22.3069226,114.2334772
Sea Crest Villa,浪翠園,10000,16.9,4877,52,27.9,12130,26870,43.4,45000,50000,2.5,22.366153,114.056998
Seaview Crescent,海堤灣畔,10500,20.5,3198,50,28.2,15000,31250,42,41200,45000,2.4,22.2926328,113.9421227
Serenity Park,太湖花園,8500,16.7,5645,41,27.4,10500,21250,41,38000,42500,2.5,22.454121,114.159668
Serenity Place,怡沁園,8500,17.7,4589,54,26.1,12600,23750,38.3,45560,48150,3,22.2879472,114.1388493
Sereno Verde,蝶翠峰,8500,21.4,4957,52,27.6,10500,23000,36.7,39000,40460,3.2,22.4384772,114.0311936
Sha Tin Centre,沙田中心,7900,19.7,2736,32,32.2,12000,21000,41.8,25250,31250,2.2,22.381615,114.190552
Shatin Park,花園城,7300,20,2648,28,36.8,9410,17500,40.9,30000,31300,2.3,22.38136,114.1961757
Sky Tower,傲雲峰,12320,21.8,6293,48,29.2,15000,25000,37.9,49010,51160,3,22.323978,114.189881
Sorrento,擎天半島,25650,25.3,6533,79,28.3,34000,50000,41.1,91410,100000,3.2,22.306462,114.162274
South Horizons,海怡半島,15500,17.6,30886,59,23.7,17000,35000,41.5,65850,74210,3.4,22.243373,114.1476512
Summit Terrace,翠豐臺,7800,14,3536,41,34.5,13000,25000,40.3,44500,46000,2.9,22.376053,114.106112
Sun Tuen Mun Centre,新屯門中心,6200,13.8,9118,47,19.4,8500,19500,42.3,30000,40000,2.8,22.380871,113.96418
Sunshine City,新港城,9000,17.5,11836,39,30.8,12000,25000,41.1,46890,50000,2.8,22.422676,114.232836
Symphony Bay,帝琴灣,23000,20.3,3302,103,33.4,27000,32000,43.8,74500,84210,3.7,22.4303267,114.2511978
Tai Hang Sai Estate,大坑西邨,0,0,2639,28,7.4,1500,16000,49.4,22000,28800,2.5,22.332185,114.1696426
Tai Hing Gardens,大興花園,6500,18.5,9394,43,34.9,8900,18000,41.9,29230,30200,2.7,22.3997922,113.971048
Tai Po Centre,大埔中心,8000,18.5,10610,42,31.6,11000,20000,41.8,33500,39000,2.9,22.451263,114.170081
Taikoo Shing,太古城,17500,17.7,35509,64,28,23000,34000,43.5,59500,75000,3,22.2865471,114.2189883
Tak Bo Garden,得寶花園,8710,16,3900,26,25.6,9700,20870,36.2,31870,36000,2.1,22.326827,114.214514
Telford Gardens,德福花園,10500,16.7,13009,50,14,10000,30000,39.4,50000,51000,2.9,22.322197,114.214643
The Belcher's,寶翠園,29000,24.1,6908,88,31.3,34000,45500,39.2,71660,80100,3.4,22.284228,114.134062
The Grandiose,君傲灣,11500,16.2,3325,44,35.1,15500,30000,38.3,49720,54550,2.3,22.3090272,114.2616214
The Latitude,譽‧港灣,16770,23.1,2936,53,41.9,18500,30000,39.2,44210,48410,2.9,22.3333138,114.1963269
The Long Beach,浪澄灣,17460,19.3,2523,51,31.6,21250,50000,35.5,75000,84000,2.4,22.319798,114.156099
The Merton,泓都,17500,19.5,2221,46,27.1,20000,41000,40.5,65000,76750,2.1,22.2832329,114.126152
The Pacifica,宇晴軒,13000,18.6,6186,43,35,16500,30630,38.9,62250,64750,3.1,22.334746,114.1498105
The Palazzo,御龍山,20000,29,4158,82,21.1,22800,42000,41.4,62500,75000,3.3,22.3955322,114.199056
The Parcville,采葉庭,8700,18.3,3890,43,24.3,10500,25000,40.5,39900,43010,2.6,22.4504397,114.0334159
The Sherwood,豫豐花園,7300,19.8,3397,42,28.3,8900,20000,40.6,32100,34000,2.4,22.4207204,113.9857705
The Trend Plaza,時代廣場,6700,21.1,2963,45,25.3,8800,20000,39.2,33740,34500,2.5,22.2781357,114.1821587
The Waterfront,漾日居,21250,25.9,4216,88,37,37000,50000,41,87750,100000,3.5,22.3043214,114.1632224
Tierra Verde,盈翠半島,15000,15.3,10488,62,26.3,18500,40000,40.2,70700,81710,3.3,22.3586612,114.107512
Tseung Kwan O Plaza,將軍澳廣場,10500,15.5,8627,42,27,15500,30000,37.1,52510,56830,3.1,22.3088929,114.2624969
Tsing Yi Garden,青怡花園,7200,15.5,3662,51,32.8,11500,20000,42.5,35000,45000,2.7,22.3528015,114.105262
Tsuen King Garden,荃景花園,6990,17.5,7734,40,27,11000,19000,42.6,32510,38000,2.7,22.378531,114.1096989
Tsuen Tak Gardens,荃德花園,7000,22.8,2661,28,41.9,9030,15000,40.4,27000,31120,2.3,22.376586,114.106684
Tsuen Wan Centre,荃灣中心,7500,22,10742,35,32.2,8900,16900,39.6,25900,30000,2.5,22.378649,114.107258
Tuen Mun Town Plaza,屯門市廣場,6880,20,4427,34,27.9,8500,20000,39.6,31000,35000,2.5,22.3930855,113.9764459
Tung Chung Crescent,東堤灣畔,12000,16.5,4980,56,27.3,15000,30000,43.7,42000,53000,2.6,22.2880911,113.9398923
Uptown Plaza,新達廣場,10000,20.6,3125,45,42.5,13600,22000,47.1,39630,42150,2.8,22.444002,114.168709
Villa Athena,雅典居,18000,20,3614,81,25.9,22500,36250,42.4,72900,77360,3.7,22.4264606,114.2359968
Villa Esplanada,灝景灣,12000,17.9,9124,63,28.9,18000,36250,41.2,67050,73090,3.2,22.3618472,114.1064042
Vision City,萬景峯,14500,20.8,4472,62,33.2,18000,26000,40.6,55000,60650,3.2,22.3706748,114.1141282
Vista Paradiso,聽濤雅苑,16500,18.9,6623,70,22.9,18500,31250,44.1,69710,74850,3.4,22.4193569,114.2247468
Waldorf Garden,華都花園,6700,17.5,2930,39,36,9000,16460,44.1,27720,33500,2.9,22.3918997,113.9782009
Well On Garden,慧安園,7500,21.3,2974,33,34.1,12000,20000,38.5,36650,39900,2.5,22.3245205,114.2540279
Whampoa Estate,黃埔新邨,9710,24,6957,37,29.2,12000,18000,41.9,29000,32800,2.7,22.3069686,114.1876027
Whampoa Gardens,黃埔花園,13000,19.4,30198,63,29.4,17000,25000,41.8,48000,55000,3.1,22.3037908,114.1892659
Wonderland Villas,華景山莊,15000,19.4,4811,68,28,16500,35000,41.2,67900,70000,3.2,22.353657,114.13542
Wyler Gardens,偉恒昌新村,7800,17.2,7040,38,30.6,10500,15500,43.8,26500,32710,2.7,22.3182216,114.1924615
Yoho Midtown,Yoho Midtown,13000,16.5,5173,49,29.1,13600,30000,37.5,45000,50000,2.9,22.4442413,114.0359733
Yoho Town,新時代廣場,8000,16.5,4969,40,35.6,11000,25000,39.5,34250,40000,2.4,22.289464,114.1948104
Tai On Building,太安樓,7600,22.5,5255,33,34.8,5000,12000,41.5,16570,23840,2.3,22.2828742,114.2220997
Century Gateway,瓏門,13000,20,4860,45,30.8,13500,29500,37.8,45000,50750,2.7,22.3949348,113.9738973
City Point,環宇海灣,17500,28.2,4971,66,23.3,20000,28000,37.4,57000,60000,3,22.3644169,114.1145753
Double Cove,迎海,16000,24.4,5699,50,30,17800,34000,37.1,58750,64160,2.8,22.4317226,114.2423933
Lions Rise,現崇山,21250,23.1,3139,65,24.1,19500,47000,35.6,82000,84250,3.3,22.3406647,114.197097
Mont Vert,嵐山,17950,25.7,4135,80,47.7,14800,30000,37.4,54990,58310,3.3,22.464143,114.180055
Park Signature,溱柏,13500,25.8,3979,51,28.4,11500,23750,37,44000,45000,2.6,22.4364083,114.0250494
Providence Bay,天賦海灣,25000,27,3329,112,25.5,19500,35000,38.8,68650,76250,3.8,22.4328004,114.2026412
The Beaumount,峻瀅,13450,19.7,4779,49,28,14500,25000,36.1,51250,53500,2.8,22.2969461,114.274011
The Reach,尚悅,13000,29,5716,40,30.4,10500,23750,37.3,36650,40000,2.3,22.4383278,114.0322384
The Wings,天晉,16500,21.3,5016,66,34.2,26250,40000,37.7,63000,77000,3,22.3055989,114.2594818